,object_value,output1,output1 duplicate 
0,1,37.05659541599996,37.05659541599996
1,2,162.18971003699968,162.18971003699968
2,3,17.568488469000002,17.568488469000002
