object_value,output1,output1 duplicate 
1,37.05659541599996,37.05659541599996
2,162.18971003699968,162.18971003699968
3,17.568488469000002,17.568488469000002
